"a cell that contains ""double quoted"" items",123456,a cell with 'single quoted' items,"a cell with newlines
Embedded"
"a cell that contains ""double quoted"" items",123456,a cell with 'single quoted' items,"a cell with newlines
Embedded"
"a cell that contains ""double quoted"" items",123456,a cell with 'single quoted' items,"a cell with newlines
Embedded"
"a cell that contains ""double quoted"" items",123456,a cell with 'single quoted' items,"a cell with newlines
Embedded"
"a cell that contains ""double quoted"" items",123456,a cell with 'single quoted' items,"a cell with newlines
Embedded"
"a cell that contains ""double quoted"" items",123456,a cell with 'single quoted' items,"a cell with newlines
Embedded"
"a cell that contains ""double quoted"" items",123456,a cell with 'single quoted' items,"a cell with newlines
Embedded"
"a cell that contains ""double quoted"" items",123456,a cell with 'single quoted' items,"a cell with newlines
Embedded"
"a cell that contains ""double quoted"" items",123456,a cell with 'single quoted' items,"a cell with newlines
Embedded"
"a cell that contains ""double quoted"" items",123456,a cell with 'single quoted' items,"a cell with newlines
Embedded"
"a cell that contains ""double quoted"" items",123456,a cell with 'single quoted' items,"a cell with newlines
Embedded"
"a cell that contains ""double quoted"" items",123456,a cell with 'single quoted' items,"a cell with newlines
Embedded"
"a cell that contains ""double quoted"" items",123456,a cell with 'single quoted' items,"a cell with newlines
Embedded"
"a cell that contains ""double quoted"" items",123456,a cell with 'single quoted' items,"a cell with newlines
Embedded"
"a cell that contains ""double quoted"" items",123456,a cell with 'single quoted' items,"a cell with newlines
Embedded"
"a cell that contains ""double quoted"" items",123456,a cell with 'single quoted' items,"a cell with newlines
Embedded"
"a cell that contains ""double quoted"" items",123456,a cell with 'single quoted' items,"a cell with newlines
Embedded"
"a cell that contains ""double quoted"" items",123456,a cell with 'single quoted' items,"a cell with newlines
Embedded"
